"sample_id","date","lat","lon","elevation","color_snow","habitat","dom_morph","have_seq","mountain"
"aas1801","2018-06-30",47.483711,-120.82392,2158.1,"pink","alpine","orb","FALSE","aas"
"bre1804","2018-07-21",50.039529,-123.191486,1685.7,"pink","alpine","orb","FALSE","bre"
"bre1805","2018-07-21",50.039543,-123.191406,1685.1,"pink","alpine","orb","FALSE","bre"
"bre1806","2018-07-21",50.039637,-123.191318,1683.8,"pink","alpine","orb","FALSE","bre"
"bre1807","2018-07-21",50.039672,-123.191035,1681.7,"pink","alpine","orb","FALSE","bre"
"bre1815","2018-07-21",50.039402,-123.190939,1681.5,"orange","alpine","orb","FALSE","bre"
"bre1808","2018-07-21",50.039647,-123.19092,1680.7,"pink","alpine","orb","FALSE","bre"
"bre1809","2018-07-21",50.039792,-123.19078,1679.3,"pink","alpine","orb","FALSE","bre"
"bre1802","2018-07-21",50.039336,-123.190677,1678.5,"other","alpine","orb","FALSE","bre"
"bre1802x","2018-07-21",50.039336,-123.190677,1678.5,"pink","alpine","orb","TRUE","bre"
"bre1803","2018-07-21",50.039295,-123.190679,1678.5,"pink","alpine","orb","FALSE","bre"
"bre1810","2018-07-21",50.039766,-123.190661,1678.3,"pink","alpine","orb","TRUE","bre"
"bre1811","2018-07-21",50.039791,-123.190549,1677.7,"pink","alpine","orb","FALSE","bre"
"bre1812","2018-07-21",50.039886,-123.190177,1675.6,"pink","alpine","orb","FALSE","bre"
"bre1813","2018-07-21",50.03996,-123.190124,1675.4,"pink","alpine","orb","FALSE","bre"
"bre1801","2018-07-21",50.039471,-123.18987,1673.3,"pink","alpine","orb","TRUE","bre"
"bre1814","2018-07-21",50.037303,-123.194147,1600.2,"pink","alpine","orb","FALSE","bre"
"bre1816","2018-07-22",50.039402,-123.190939,1681.5,"green","alpine","oval","FALSE","bre"
"bre1817","2018-07-22",50.039402,-123.190939,1681.5,"other","alpine","NA","FALSE","bre"
"bre1818","2018-07-22",50.039402,-123.190939,1681.5,"other","alpine","NA","FALSE","bre"
"bre1819","2018-07-22",50.039402,-123.190939,1681.5,"orange","alpine","lemon","TRUE","bre"
"bre18rd","2018-07-22",50.039402,-123.190939,1680.9,"other","other","orb","TRUE","bre"
"bre18st","2018-07-22",50.03675,-123.19368,1587.7,"other","other","NA","FALSE","bre"
"bre1820","2018-07-22",50.032139,-123.187198,1455,"pink","alpine","orb","FALSE","bre"
"bre1821","2018-07-22",50.032139,-123.187198,1455,"pink","alpine","orb","FALSE","bre"
"bre1822","2018-07-22",50.032139,-123.187198,1455,"other","alpine","orb","FALSE","bre"
"fro1812","2018-05-16",49.38145,-123.05727,1173,"green","clearing","NA","FALSE","fro"
"fro1810","2018-05-16",49.38142,-123.05714,1172.9,"pink","clearing","balloon","FALSE","fro"
"fro1811","2018-05-16",49.38142,-123.05714,1172.9,"green","clearing","balloon","FALSE","fro"
"fro1809","2018-05-16",49.38137,-123.05699,1171,"pink","clearing","balloon","FALSE","fro"
"fro1808","2018-05-16",49.38109,-123.05665,1158.4,"green","forest","NA","FALSE","fro"
"fro1807","2018-05-16",49.3795,-123.05773,1092.9,"other","forest","NA","FALSE","fro"
"fro1806","2018-05-16",49.37801,-123.05735,1038.3,"rusty","forest","NA","FALSE","fro"
"fro1813","2018-05-16",49.37867,-123.05922,1037.4,"pink","forest","hedgehog","FALSE","fro"
"fro1813a","2018-05-16",49.37867,-123.05922,1037.4,"pink","forest","NA","FALSE","fro"
"fro1813b","2018-05-16",49.37867,-123.05922,1037.4,"other","forest","NA","FALSE","fro"
"fro1813c","2018-05-16",49.37867,-123.05922,1037.4,"green","forest","hedgehog","FALSE","fro"
"fro1805a","2018-05-16",49.37507,-123.05727,1003.8,"green","forest","NA","FALSE","fro"
"fro1805b","2018-05-16",49.37507,-123.05727,1003.8,"green","forest","NA","FALSE","fro"
"fro1804","2018-05-16",49.37452,-123.0579,999,"green","forest","NA","FALSE","fro"
"fro1803","2018-05-16",49.37289,-123.05743,965.1,"pink","forest","balloon","FALSE","fro"
"fro1802a","2018-05-16",49.37123,-123.05825,942,"green","forest","NA","FALSE","fro"
"fro1802b","2018-05-16",49.37123,-123.05825,942,"other","forest","balloon","FALSE","fro"
"fro1802c","2018-05-16",49.37123,-123.05825,942,"pink","forest","NA","FALSE","fro"
"fro1801a","2018-05-16",49.37033,-123.0575,916.7,"green","forest","hedgehog","FALSE","fro"
"fro1801b","2018-05-16",49.37033,-123.0575,916.7,"pink","forest","balloon","FALSE","fro"
"fro1801c","2018-05-16",49.37033,-123.0575,916.7,"pink","forest","NA","FALSE","fro"
"gar1803","2018-07-27",49.82775,-122.966608,1609.8,"orange","alpine","orb","FALSE","gar"
"gar1801","2018-07-27",49.827525,-122.965959,1600,"pink","alpine","balloon","TRUE","gar"
"gar1802","2018-07-27",49.826167,-122.963731,1553.6,"pink","alpine","orb","TRUE","gar"
"gar1804","2018-07-27",49.82775,-122.966608,1550,"green","alpine","lemon","TRUE","gar"
"hol1810","2018-05-14",49.3977,-123.18967,1083,"other","forest","balloon","FALSE","hol"
"hol1808","2018-05-14",49.39748,-123.19027,1062,"other","forest","NA","FALSE","hol"
"hol1801","2018-05-14","NA","NA",900,"other","forest","balloon","FALSE","hol"
"hol1802","2018-05-14","NA","NA",900,"other","forest","lemon","FALSE","hol"
"hol1803","2018-05-14","NA","NA",900,"other","forest","orb","FALSE","hol"
"hol1804","2018-05-14","NA","NA",900,"other","forest","zuke","FALSE","hol"
"hol1805","2018-05-14","NA","NA",900,"other","forest","NA","FALSE","hol"
"hol1806","2018-05-14","NA","NA",900,"other","forest","NA","FALSE","hol"
"hol1807","2018-05-14","NA","NA",900,"other","forest","NA","FALSE","hol"
"hol1809","2018-05-14","NA","NA",900,"other","forest","NA","FALSE","hol"
"hol1811","2018-05-14",49.394549,-123.194102,900,"pink","forest","NA","FALSE","hol"
"hol1812","2018-05-14","NA","NA",900,"other","forest","balloon","FALSE","hol"
"hol1813","2018-05-14","NA","NA",900,"pink","forest","ruby","FALSE","hol"
"hol1814","2018-05-14","NA","NA",900,"green","forest","NA","FALSE","hol"
"hol1815","2018-05-14","NA","NA",900,"green","forest","NA","FALSE","hol"
"hol1816","2018-05-14","NA","NA",900,"rusty","forest","NA","FALSE","hol"
"hol1817","2018-05-14","NA","NA",900,"green","forest","NA","FALSE","hol"
"hol1818","2018-05-14",49.387596,-123.188276,891.5,"pink","clearing","balloon","FALSE","hol"
"hol1819a","2018-05-18",49.400744,-123.183254,1313.7,"other","clearing","NA","FALSE","hol"
"hol1819b","2018-05-18",49.400724,-123.183264,1313.6,"other","clearing","NA","FALSE","hol"
"hol1820","2018-05-18",49.398514,-123.182912,1251.8,"green","clearing","green","FALSE","hol"
"hol1824","2018-05-18",49.39853,-123.183939,1248,"pink","clearing","NA","FALSE","hol"
"hol1822b","2018-05-18",49.398491,-123.18403,1246.8,"green","clearing","green","FALSE","hol"
"hol1822a","2018-05-18",49.398461,-123.184075,1246.6,"green","clearing","green","FALSE","hol"
"hol1823","2018-05-18",49.398459,-123.184062,1246.5,"other","clearing","NA","FALSE","hol"
"hol1822c","2018-05-18",49.398476,-123.184018,1246.4,"other","clearing","green","FALSE","hol"
"hol1822d","2018-05-18",49.398473,-123.184018,1246.4,"other","clearing","green","FALSE","hol"
"hol1821","2018-05-18",49.398471,-123.184036,1246.3,"green","clearing","green","TRUE","hol"
"hol1825b","2018-05-18",49.396818,-123.182569,1219.8,"green","clearing","green","FALSE","hol"
"hol1825a","2018-05-18",49.396796,-123.182532,1219.2,"pink","clearing","NA","FALSE","hol"
"hol1826","2018-05-18",49.396781,-123.182136,1217.6,"green","forest","green","FALSE","hol"
"hol1826b","2018-05-18",49.396805,-123.18208,1217.6,"other","forest","green","FALSE","hol"
"hol1826c","2018-05-18",49.396794,-123.182096,1217.6,"other","forest","green","FALSE","hol"
"hol1826d","2018-05-18",49.396773,-123.182119,1217.4,"other","forest","NA","FALSE","hol"
"hol1827","2018-05-18",49.395022,-123.181015,1147.1,"pink","forest","NA","FALSE","hol"
"hol1828","2018-05-18",49.391609,-123.180378,1072.5,"pink","clearing","NA","FALSE","hol"
"hol1828c","2018-05-18",49.391617,-123.180354,1072.4,"green","clearing","NA","FALSE","hol"
"hol1828b","2018-05-18",49.39163,-123.180325,1072.3,"green","clearing","NA","FALSE","hol"
"hol1829","2018-05-18",49.383518,-123.183405,1003.6,"rusty","forest","hedgehog","FALSE","hol"
"hol1830","2018-05-18",49.382716,-123.186712,998.6,"green","forest","NA","FALSE","hol"
"hol1831b","2018-05-18",49.381433,-123.188344,943.9,"orange","clearing","NA","FALSE","hol"
"hol1831","2018-05-18",49.381454,-123.188489,941.1,"pink","clearing","balloon","FALSE","hol"
"hol1831c","2018-05-18",49.381509,-123.188552,940.1,"green","clearing","NA","FALSE","hol"
"hol1839b","2018-05-23",49.398468,-123.184237,1247.6,"other","clearing","NA","FALSE","hol"
"hol1839c","2018-05-23",49.398427,-123.184132,1246.8,"green","clearing","NA","FALSE","hol"
"hol1839a","2018-05-23",49.398412,-123.184094,1246.5,"other","clearing","NA","FALSE","hol"
"hol1839d","2018-05-23",49.398442,-123.184058,1246.4,"green","clearing","green","FALSE","hol"
"hol1839e","2018-05-23",49.398442,-123.184058,1246.4,"green","clearing","NA","FALSE","hol"
"hol1838","2018-05-23",49.391685,-123.18032,1072.4,"other","clearing","NA","FALSE","hol"
"hol1837","2018-05-23",49.39037,-123.180587,1058.9,"green","forest","NA","FALSE","hol"
"hol1836","2018-05-23",49.389702,-123.180292,1058.4,"orange","forest","balloon","FALSE","hol"
"hol1835","2018-05-23",49.383518,-123.183405,1003.6,"rusty","forest","NA","FALSE","hol"
"hol1834","2018-05-23",49.383977,-123.184522,999.1,"pink","clearing","NA","FALSE","hol"
"hol1833","2018-05-23",49.38204,-123.187157,978.3,"rusty","forest","hedgehog","FALSE","hol"
"hol1832","2018-05-23",49.38038,-123.190071,923.4,"orange","forest","NA","FALSE","hol"
"hol1831.5","2018-05-23",49.387692,-123.188365,887,"pink","clearing","balloon","FALSE","hol"
"hol1844","2018-06-11",49.384334,-123.182348,1021.8,"green","forest","thin_spine","FALSE","hol"
"hol1841","2018-06-11",49.383597,-123.184444,998.4,"orange","clearing","orb","FALSE","hol"
"hol1842","2018-06-11",49.383601,-123.18439,998.3,"green","clearing","oval","FALSE","hol"
"hol1842b","2018-06-11",49.383575,-123.184394,998.3,"orange","clearing","orange","TRUE","hol"
"hol1843","2018-06-11",49.383601,-123.184395,998.3,"orange","forest","hedgehog","FALSE","hol"
"hol1840","2018-06-11",49.387843,-123.188261,886.3,"pink","clearing","lemon","FALSE","hol"
"hol1849","2018-06-14",49.384296,-123.182513,1021.7,"green","forest","spiny","FALSE","hol"
"hol1848","2018-06-14",49.383635,-123.184385,998.3,"pink","forest","mix","FALSE","hol"
"hol1846","2018-06-14",49.380757,-123.187462,957.6,"orange","forest","lemon","FALSE","hol"
"hol1847","2018-06-14",49.380757,-123.187462,957.6,"pink","forest","lemon","TRUE","hol"
"hol1845","2018-06-14",49.387596,-123.188276,891.5,"pink","forest","NA","FALSE","hol"
"hol1857","2018-06-19",49.38663,-123.181017,1058,"pink","forest","NA","FALSE","hol"
"hol1858","2018-06-19",49.386579,-123.180923,1057.9,"pink","clearing","NA","FALSE","hol"
"hol1855","2018-06-19",49.384831,-123.182399,1030.7,"orange","forest","NA","FALSE","hol"
"hol1853","2018-06-19",49.384714,-123.182151,1025.5,"green","forest","NA","FALSE","hol"
"hol1854","2018-06-19",49.384633,-123.182102,1023.4,"pink","forest","NA","FALSE","hol"
"hol1850","2018-06-19",49.383627,-123.184328,998.1,"other","forest","mix","FALSE","hol"
"hol1851","2018-06-19",49.383597,-123.184337,998.1,"pink","forest","balloon","FALSE","hol"
"hol1852","2018-06-19",49.383597,-123.184337,998.1,"green","forest","spiny","FALSE","hol"
"hol1859","2018-07-03",49.386621,-123.181008,1058,"orange","clearing","lemon","FALSE","hol"
"hol1859b","2018-07-03",49.386621,-123.181008,1058,"orange","clearing","lemon","FALSE","hol"
"hol1859bre","2018-07-03",49.386621,-123.181008,1058,"orange","clearing","lemon","FALSE","hol"
"sky1804","2018-05-20",49.645143,-123.082617,1403.3,"other","forest","NA","FALSE","sky"
"sky1806","2018-05-20",49.644957,-123.087512,1393.2,"green","clearing","NA","FALSE","sky"
"sky1805b","2018-05-20",49.644937,-123.087515,1392.7,"other","clearing","NA","FALSE","sky"
"sky1805","2018-05-20",49.644869,-123.087246,1386.9,"other","clearing","NA","FALSE","sky"
"sky1807","2018-05-20",49.648541,-123.082629,1197.7,"pink","clearing","orb","FALSE","sky"
"sky1808","2018-05-20",49.649814,-123.083586,1170.7,"pink","clearing","balloon","FALSE","sky"
"sky1809","2018-05-20",49.650476,-123.084033,1158.3,"other","forest","NA","FALSE","sky"
"sky1803","2018-05-20",49.649025,-123.085766,1139.1,"green","forest","NA","FALSE","sky"
"sky1810","2018-05-20",49.65132,-123.085316,1135.9,"pink","forest","NA","FALSE","sky"
"sky1802","2018-05-20",49.65006,-123.086979,1102.7,"other","forest","zuke","FALSE","sky"
"sky1811","2018-05-20",49.652395,-123.087952,1088.4,"orange","forest","NA","FALSE","sky"
"sky1801","2018-05-20",49.651369,-123.087731,1077.9,"other","forest","NA","FALSE","sky"
"sky1801b","2018-05-20",49.651369,-123.087731,1077.9,"pink","forest","NA","FALSE","sky"
"sky1812","2018-05-20",49.655358,-123.10622,945.5,"green","forest","hedgehog","TRUE","sky"
"sky1814","2018-06-20",49.635188,-123.092311,1804.8,"pink","alpine","orb","TRUE","sky"
"sky1813","2018-06-20",49.635257,-123.092352,1800.1,"pink","alpine","orb","FALSE","sky"
"sky1819b","2018-07-07",49.639225,-123.090742,1666.7,"pink","alpine","orb","FALSE","sky"
"sky1819","2018-07-07",49.639225,-123.090742,1666.7,"pink","alpine","orb","FALSE","sky"
"sky1820","2018-07-07",49.63924,-123.090713,1666.7,"orange","alpine","orb","TRUE","sky"
"sky1820re","2018-07-07",49.63924,-123.090713,1666.7,"orange","alpine","citrine","FALSE","sky"
"sky1821","2018-07-07",49.638656,-123.092522,1656,"pink","alpine","orb","FALSE","sky"
"sky1818","2018-07-07",49.639713,-123.090569,1654.3,"pink","alpine","orb","FALSE","sky"
"sky1818sc","2018-07-07",49.639713,-123.090569,1654.3,"pink","alpine","orb","FALSE","sky"
"sky1822","2018-07-07",49.638855,-123.092741,1653.6,"pink","alpine","orb","FALSE","sky"
"sky1823","2018-07-07",49.641645,-123.092397,1574.3,"green","alpine","zuke","FALSE","sky"
"sky1823r","2018-07-07",49.641645,-123.092397,1574.3,"pink","alpine","ruby","FALSE","sky"
"sky1817","2018-07-07",49.642726,-123.088364,1456.5,"pink","alpine","ruby","FALSE","sky"
"sky1816","2018-07-07",49.644212,-123.088229,1400,"pink","alpine","NA","FALSE","sky"
"sky1816x","2018-07-07",49.644212,-123.088229,1400,"pink","alpine","balloon","FALSE","sky"
"sky1816y","2018-07-07",49.644212,-123.088229,1400,"pink","alpine","balloon","FALSE","sky"
"sky1816z","2018-07-07",49.644212,-123.088229,1400,"pink","alpine","balloon","FALSE","sky"
"sky1815xb","2018-07-07",49.645055,-123.087166,1388.7,"orange","alpine","hedgehog","FALSE","sky"
"sky1815gb","2018-07-07",49.645055,-123.087166,1388.7,"green","alpine","lemon","FALSE","sky"
"sky1815","2018-07-07",49.645055,-123.087166,1388.7,"green","alpine","NA","FALSE","sky"
"sky1815g","2018-07-07",49.645055,-123.087166,1388.7,"green","alpine","lemon","FALSE","sky"
"sky1815r","2018-07-07",49.645055,-123.087166,1388.7,"pink","alpine","balloon","FALSE","sky"
"sky1815x","2018-07-07",49.645055,-123.087166,1388.7,"orange","alpine","mix","FALSE","sky"
"sky1824","2018-08-26",49.636013,-123.093595,1771.65087890625,"orange","glacier","citrine","TRUE","sky"
"sky1827","2018-08-26",49.636308,-123.091186,1742.80480957031,"pink","alpine","citrine","TRUE","sky"
"sky1828","2018-08-26",49.636493,-123.09094,1736.83374023438,"orange","alpine","citrine","FALSE","sky"
"sky1825","2018-08-26",49.636628,-123.092216,1725.23571777344,"pink","alpine","yellow_goop","FALSE","sky"
"sky1826","2018-08-26",49.636887,-123.091508,1716.87719726562,"other","alpine","green","FALSE","sky"
"lib1801","2018-08-06",48.515831,-120.65631,1800,"rusty","alpine","lemon","FALSE","lib"
"stm1801a","2018-06-09",49.428094,-123.206762,1354,"orange","clearing","NA","FALSE","stm"
"stm1801b","2018-06-09",49.428094,-123.206762,1354,"green","clearing","tangerine","FALSE","stm"
"stm1801c","2018-06-09",49.428094,-123.206762,1354,"green","clearing","tangerine","FALSE","stm"
"nes1801","2018-07-14",49.033348,-121.533025,1957.8,"pink","alpine","other","TRUE","nes"
"nes1803b","2018-07-14",49.033518,-121.533124,1956.5,"green","alpine","green","FALSE","nes"
"nes1802","2018-07-14",49.033518,-121.533124,1956.5,"pink","alpine","orb","FALSE","nes"
"nes1802b","2018-07-14",49.033518,-121.533124,1956.5,"pink","alpine","orb","FALSE","nes"
"nes1803","2018-07-14",49.034049,-121.533755,1926.1,"green","alpine","green","TRUE","nes"
"nes1804","2018-07-14",49.034155,-121.533888,1919.8,"orange","alpine","mix","FALSE","nes"
"nes1805","2018-07-14",49.034349,-121.534036,1908.4,"orange","alpine","orb","FALSE","nes"
"pan1806","2018-09-08",49.954363,-122.983391,2106.70141601563,"orange","alpine","orb","FALSE","pan"
"pan1808","2018-09-08",49.954858,-122.984173,2101.11157226562,"other","glacier","yellow_goop","FALSE","pan"
"pan1807","2018-09-08",49.955058,-122.983411,2100.18603515625,"pink","alpine","balloon","FALSE","pan"
"pan1805","2018-09-08",49.953741,-122.991188,2048.90185546875,"other","alpine","NA","FALSE","pan"
"pan1801","2018-09-08",49.956464,-123.009783,2048.70239257813,"pink","glacier","orb","TRUE","pan"
"pan1804","2018-09-08",49.955388,-122.990298,2007.09045410156,"green","alpine","NA","FALSE","pan"
"pan1802","2018-09-08",49.957873,-123.009938,1975.95227050781,"pink","glacier","orb","FALSE","pan"
"pan1803","2018-09-08",49.958163,-123.009288,1971.78137207031,"pink","glacier","green","FALSE","pan"
"pan18ro","2018-09-08",49.973574,-123.003087,1789,"other","other","orb","TRUE","pan"
"sey1801","2018-05-08","NA","NA",1300,"other","alpine","NA","FALSE","sey"
"sey1802","2018-05-08","NA","NA",1300,"other","alpine","NA","FALSE","sey"
"sey1872","2018-07-12",49.38746,-122.941529,1380.7,"pink","alpine","NA","FALSE","sey"
"sey1870","2018-07-12",49.386311,-122.940982,1372.1,"orange","alpine","NA","FALSE","sey"
"sey1873","2018-07-12",49.386534,-122.941934,1371.1,"orange","alpine","NA","FALSE","sey"
"sey1871","2018-07-12",49.387665,-122.94206,1371,"orange","alpine","NA","FALSE","sey"
"sey1875b","2018-07-19",49.387659,-122.941406,1380.8,"orange","clearing","tangerine","FALSE","sey"
"sey1875","2018-07-19",49.387659,-122.941406,1380.8,"orange","clearing","tangerine","FALSE","sey"
"sey1875x","2018-07-19",49.387659,-122.941406,1380.8,"pink","alpine","balloon","FALSE","sey"
"sey1876","2018-07-19",49.387206,-122.941963,1377.1,"pink","alpine","NA","FALSE","sey"
"sey1874","2018-07-19",49.386561,-122.941913,1372,"orange","alpine","balloon","TRUE","sey"
"sey1807b","2018-05-22",49.387719,-122.942338,1367,"green","alpine","tangerine","FALSE","sey"
"sey1807","2018-05-22",49.387752,-122.942523,1364.4,"green","alpine","tangerine","TRUE","sey"
"sey1808","2018-05-22",49.384534,-122.94277,1267.9,"other","alpine","NA","FALSE","sey"
"sey1809","2018-05-22",49.379902,-122.944008,1201.5,"pink","clearing","balloon","FALSE","sey"
"sey1806","2018-05-22",49.376329,-122.945817,1155.4,"other","forest","NA","FALSE","sey"
"sey1805","2018-05-22",49.376413,-122.946115,1150.8,"green","forest","NA","FALSE","sey"
"sey1804","2018-05-22",49.373265,-122.950337,1081.5,"orange","clearing","NA","FALSE","sey"
"sey1803","2018-05-22",49.373194,-122.950336,1081.1,"pink","clearing","NA","FALSE","sey"
"sey1810","2018-05-22",49.370437,-122.948487,1040.4,"pink","clearing","balloon","FALSE","sey"
"sey1819","2018-05-28",49.386823,-122.940731,1381,"pink","alpine","NA","FALSE","sey"
"sey1814","2018-05-28",49.386843,-122.941797,1378.8,"orange","alpine","tangerine","FALSE","sey"
"sey1813","2018-05-28",49.386936,-122.940529,1378.4,"green","clearing","NA","FALSE","sey"
"sey1812","2018-05-28",49.386947,-122.940467,1376.8,"other","clearing","NA","FALSE","sey"
"sey1817b","2018-05-28",49.387724,-122.94213,1369.7,"green","alpine","NA","FALSE","sey"
"sey1817","2018-05-28",49.387741,-122.942168,1369.1,"green","alpine","NA","FALSE","sey"
"sey1816","2018-05-28",49.387723,-122.942176,1369.1,"green","alpine","NA","FALSE","sey"
"sey1818","2018-05-28",49.387208,-122.942583,1366.7,"orange","alpine","balloon","FALSE","sey"
"sey1815b","2018-05-28",49.387704,-122.942419,1366.1,"green","alpine","NA","FALSE","sey"
"sey1815","2018-05-28",49.387734,-122.94241,1366,"green","alpine","tangerine","FALSE","sey"
"sey1820c","2018-05-28",49.380148,-122.942103,1221.3,"orange","clearing","NA","FALSE","sey"
"sey1820b","2018-05-28",49.380117,-122.942089,1221.2,"pink","clearing","NA","FALSE","sey"
"sey1820","2018-05-28",49.380114,-122.942126,1220.5,"orange","clearing","NA","FALSE","sey"
"sey1811","2018-05-28",49.375778,-122.946304,1145.8,"orange","clearing","green","FALSE","sey"
"sey1823","2018-06-05",49.387679,-122.941964,1372.3,"green","alpine","tangerine","FALSE","sey"
"sey1823re","2018-06-05",49.387679,-122.941964,1372.3,"green","alpine","tangerine","FALSE","sey"
"sey1822a","2018-06-05",49.387693,-122.942365,1366.9,"orange","alpine","NA","FALSE","sey"
"sey1822b","2018-06-05",49.387693,-122.942365,1366.9,"green","alpine","tangerine","FALSE","sey"
"sey1822c","2018-06-05",49.387693,-122.942365,1366.9,"green","alpine","tangerine","FALSE","sey"
"sey1821","2018-06-05",49.387749,-122.942443,1365.5,"green","alpine","tangerine","FALSE","sey"
"sey1824","2018-06-05",49.386009,-122.941661,1356.8,"other","forest","hedgehog","FALSE","sey"
"sey1825","2018-06-05",49.383608,-122.941748,1257.2,"rusty","forest","hedgehog","TRUE","sey"
"sey1825bre","2018-06-05",49.383608,-122.941748,1257.2,"rusty","forest","hedgehog","FALSE","sey"
"sey1825b","2018-06-05",49.38358,-122.941745,1257,"green","forest","hedgehog","FALSE","sey"
"sey1825c","2018-06-05",49.38358,-122.941745,1257,"green","forest","hedgehog","FALSE","sey"
"sey1826","2018-06-05",49.38017,-122.942084,1221.9,"rusty","forest","hedgehog","FALSE","sey"
"sey1826b","2018-06-05",49.380193,-122.9421,1221.8,"green","forest","hedgehog","FALSE","sey"
"sey1827","2018-06-05",49.379156,-122.943171,1190.7,"other","forest","mix","FALSE","sey"
"sey1828","2018-06-05",49.376977,-122.945925,1162,"green","clearing","green","FALSE","sey"
"sey1829","2018-06-05",49.375779,-122.94633,1145.4,"brown","clearing","tangerine","FALSE","sey"
"sey1830","2018-06-05",49.375244,-122.946416,1142.4,"rusty","forest","hedgehog","FALSE","sey"
"sey1831","2018-06-13",49.367737,-122.951977,1002.1,"orange","forest","mix","FALSE","sey"
"sey1842","2018-06-14",49.387697,-122.942295,1367.8,"orange","clearing","tangerine","FALSE","sey"
"sey1843","2018-06-14",49.387745,-122.942329,1366.9,"green","clearing","tangerine","FALSE","sey"
"sey1844","2018-06-14",49.380249,-122.942246,1220,"rusty","forest","NA","FALSE","sey"
"sey1841","2018-06-14",49.376711,-122.950502,1121.1,"orange","clearing","tangerine","FALSE","sey"
"sey1839","2018-06-14",49.374999,-122.950053,1093.8,"pink","clearing","balloon","FALSE","sey"
"sey1840","2018-06-14",49.374958,-122.950107,1093.7,"orange","clearing","lemon","FALSE","sey"
"sey1838","2018-06-14",49.37437,-122.950226,1089.4,"orange","clearing","tangerine","TRUE","sey"
"sey1836","2018-06-14",49.372613,-122.949418,1074.3,"orange","forest","hedgehog","FALSE","sey"
"sey1835b","2018-06-14",49.372674,-122.949331,1073.1,"green","forest","green","FALSE","sey"
"sey1835","2018-06-14",49.372674,-122.949331,1073.1,"rusty","forest","hedgehog","FALSE","sey"
"sey1837b","2018-06-14",49.372573,-122.94933,1073,"green","forest","green","FALSE","sey"
"sey1837","2018-06-14",49.372573,-122.94933,1073,"green","forest","green","FALSE","sey"
"sey1834","2018-06-14",49.371969,-122.949107,1069.7,"green","forest","spiny","FALSE","sey"
"sey1833","2018-06-14",49.370739,-122.949024,1059.7,"orange","forest","hedgehog","FALSE","sey"
"sey1832","2018-06-14",49.369639,-122.949195,1042.6,"orange","forest","hedgehog","FALSE","sey"
"sey1849","2018-06-17",49.380526,-122.941494,1238,"pink","clearing","NA","FALSE","sey"
"sey1850","2018-06-17",49.380235,-122.942549,1218.6,"other","clearing","NA","FALSE","sey"
"sey1851","2018-06-17",49.380201,-122.94261,1218.3,"orange","clearing","NA","FALSE","sey"
"sey1852","2018-06-17",49.379975,-122.94337,1209.3,"pink","clearing","NA","FALSE","sey"
"sey1848","2018-06-17",49.377001,-122.945783,1165.6,"pink","forest","NA","FALSE","sey"
"sey1846","2018-06-17",49.374724,-122.95032,1093.8,"pink","forest","ruby","FALSE","sey"
"sey1847","2018-06-17",49.37442,-122.950278,1090.3,"pink","clearing","ruby","FALSE","sey"
"sey1861","2018-06-28",49.387753,-122.941341,1381.4,"orange","clearing","NA","FALSE","sey"
"sey1862","2018-06-28",49.387709,-122.942067,1370.6,"pink","clearing","NA","FALSE","sey"
"sey1860","2018-06-28",49.387414,-122.939642,1354.6,"pink","forest","NA","FALSE","sey"
"sey1859","2018-06-28",49.387402,-122.939611,1353.2,"other","forest","NA","FALSE","sey"
"sey1858","2018-06-28",49.387238,-122.938581,1348.8,"orange","clearing","NA","FALSE","sey"
"sey1856","2018-06-28",49.381572,-122.941668,1244.3,"rusty","forest","NA","FALSE","sey"
"sey1855","2018-06-28",49.38129,-122.94115,1244,"pink","forest","NA","FALSE","sey"
"sey1853","2018-06-28",49.380102,-122.942167,1219.6,"rusty","clearing","NA","FALSE","sey"
"sey1854","2018-06-28",49.380133,-122.942196,1219.6,"pink","forest","balloon","FALSE","sey"
"sey1857","2018-06-28",49.38454,-122.938706,1215.3,"green","forest","NA","FALSE","sey"
"sey1863p","2018-06-28",49.375315,-122.946358,1143.8,"pink","clearing","balloon","TRUE","sey"
"sey1866b","2018-07-04",49.387693,-122.941309,1382.1,"orange","clearing","tangerine","FALSE","sey"
"sey1866","2018-07-04",49.387693,-122.941309,1382.1,"orange","clearing","tangerine","TRUE","sey"
"sey1867","2018-07-04",49.387655,-122.941445,1380.2,"orange","clearing","tangerine","FALSE","sey"
"sey1868","2018-07-04",49.387429,-122.941592,1380.2,"pink","alpine","NA","FALSE","sey"
"sey1869","2018-07-04",49.38653,-122.941612,1374.5,"pink","alpine","NA","FALSE","sey"
"sey1864","2018-07-04",49.383111,-122.940435,1241.3,"green","forest","green","FALSE","sey"
"sey1863o","2018-07-04",49.380063,-122.942003,1222.6,"orange","forest","NA","TRUE","sey"
"sey1865b","2018-07-04",49.384893,-122.938313,1220.4,"green","clearing","tangerine","FALSE","sey"
"sey1865","2018-07-04",49.384893,-122.938313,1220.4,"orange","clearing","tangerine","FALSE","sey"
"tri1801","2018-06-23",50.009583,-123.252115,1699.3,"pink","alpine","balloon","FALSE","tri"
"tri1805","2018-06-23",50.004514,-123.258983,1555,"pink","alpine","orb","FALSE","tri"
"tri1804x","2018-06-23",50.004854,-123.25849,1550,"orange","alpine","mix","FALSE","tri"
"tri1804b","2018-06-23",50.004854,-123.25849,1550,"green","alpine","green","FALSE","tri"
"tri1804","2018-06-23",50.004854,-123.25849,1550,"pink","alpine","orb","TRUE","tri"
"tri1803","2018-06-23",50.005466,-123.257428,1549.9,"pink","alpine","orb","TRUE","tri"
"tri1802","2018-06-23",50.005666,-123.257428,1548.4,"pink","alpine","orb","FALSE","tri"
"tri1802su","2018-06-23",50.005666,-123.257428,1548.4,"pink","alpine","orb","FALSE","tri"
"tri1806","2018-06-23",49.993741,-123.262991,1267.1,"rusty","alpine","hedgehog","FALSE","tri"
"tri1806y","2018-06-23",49.993741,-123.262991,1267.1,"rusty","alpine","oval","FALSE","tri"
"tri1806z","2018-06-23",49.993741,-123.262991,1267.1,"rusty","alpine","oval","FALSE","tri"
"tri1807","2018-06-23",49.988496,-123.257881,1214.2,"pink","clearing","orb","FALSE","tri"
"tri1808","2018-06-23",49.988023,-123.256957,1208,"pink","clearing","orb","FALSE","tri"
"tri1808su","2018-06-23",49.988023,-123.256957,1208,"pink","clearing","NA","FALSE","tri"
"tri1808z","2018-06-23",49.988023,-123.256957,1208,"pink","clearing","orb","FALSE","tri"
"wed1801","2018-08-13",50.150074,-122.79696,2136,"pink","glacier","orb","TRUE","wed"
"wed1802","2018-08-13",50.150285,-122.796554,2125,"other","glacier","yellow_goop","TRUE","wed"
"wed1803","2018-08-13",50.150143,-122.796569,2119,"green","glacier","NA","FALSE","wed"
"wed1805","2018-08-13",50.151084,-122.795986,2099,"other","glacier","citrine","FALSE","wed"
"wed1806","2018-08-13",50.151791,-122.795472,2078,"other","glacier","NA","FALSE","wed"
"wed1804","2018-08-13",50.151443,-122.796529,2073,"pink","glacier","NA","FALSE","wed"
"sax1801","2018-07-28",50.392189,-122.584361,1629.8,"pink","alpine","redwall","TRUE","sax"
"wed2209","2022-07-24",50.153116,-122.795218,"NA","NA","NA","NA","NA","wed"
"wed2208","2022-07-24",50.149842,-122.797483,"NA","NA","NA","NA","NA","wed"
"wed2207","2022-07-24",50.145625,-122.781589,"NA","NA","NA","NA","NA","wed"
"wed2206","2022-07-24",50.141766,-122.773848,"NA","NA","NA","NA","NA","wed"
"wed2205","2022-07-24",50.141658,-122.77368,"NA","NA","NA","NA","NA","wed"
"wed2204","2022-07-24",50.141544,-122.774455,"NA","NA","NA","NA","NA","wed"
"wed2203","2022-07-24",50.141264,-122.775109,"NA","NA","NA","NA","NA","wed"
"wed2202","2022-07-24",50.140422,-122.782111,"NA","NA","NA","NA","NA","wed"
"wed2201","2022-07-24",50.140131,-122.784916,"NA","NA","NA","NA","NA","wed"
"ten2207","2022-07-04","NA","NA","NA","NA","NA","NA","NA","ten"
"ten2206","2022-07-04","NA","NA","NA","NA","NA","NA","NA","ten"
"ten2205","2022-07-04","NA","NA","NA","NA","NA","NA","NA","ten"
"ten2204","2022-07-04","NA","NA","NA","NA","NA","NA","NA","ten"
"ten2203","2022-07-04","NA","NA","NA","NA","NA","NA","NA","ten"
"ten2202","2022-07-04","NA","NA","NA","NA","NA","NA","NA","ten"
"ten2201","2022-07-04",50.53689,-122.924219,"NA","pink","NA","NA","NA","ten"
"ech2201","2022-06-21",49.71371,-123.2027,"NA","pink","NA","NA","NA","ech"
"bdw2114","2021-08-05",50.10868,-123.19918,"NA","pink","NA","NA","NA","bdw"
"bdw2113","2021-08-05",50.108605,-123.199131,"NA","pink","NA","NA","NA","bdw"
"bdw2112","2021-08-05",50.108588,-123.199079,"NA","pink","NA","NA","NA","bdw"
"bdw2101","2021-08-05",50.108955,-123.198856,"NA","pink","NA","NA","NA","bdw"
"tri2102","2021-08-03",50.00773,-123.240345,"NA","pink","NA","NA","NA","tri"
"tri2101","2021-08-03",50.007935,-123.240504,"NA","pink","NA","NA","NA","tri"
"and2101","2021-07-23",49.651962,-121.259563,"NA","pink","alpine","NA","NA","and"
"bre2115","2021-06-17",50.028201,-123.179706,"NA","pink","NA","NA","NA","bre"
"bre2114","2021-06-17",50.034603,-123.194241,"NA","pink","NA","NA","NA","bre"
"bre2113","2021-06-17",50.034295,-123.193838,"NA","pink","NA","NA","NA","bre"
"bre2112","2021-06-17",50.031628,-123.183925,"NA","pink","NA","NA","NA","bre"
"bre2111","2021-06-17",50.031703,-123.179841,"NA","pink","NA","NA","NA","bre"
"bre2110","2021-06-17",50.03066,-123.177756,"NA","pink","NA","NA","NA","bre"
"bre2109","2021-06-17",50.030451,-123.177598,"NA","pink","NA","NA","NA","bre"
"bre2108b","2021-06-17",50.030422,-123.179199,"NA","pink","NA","NA","NA","bre"
"bre2108","2021-06-17",50.030779,-123.179187,"NA","pink","NA","NA","NA","bre"
"bre2107","2021-06-17",50.029714,-123.18124,"NA","pink","NA","NA","NA","bre"
"bre2106","2021-06-17",50.029144,-123.180758,"NA","pink","NA","NA","NA","bre"
"bre2105","2021-06-17",50.028895,-123.180483,"NA","pink","NA","NA","NA","bre"
"bre2104","2021-06-17",50.028673,-123.180088,"NA","pink","NA","NA","NA","bre"
"bre2103","2021-06-17",50.028622,-123.179934,"NA","pink","NA","NA","NA","bre"
"bre2102","2021-06-16",50.026015,-123.176133,"NA","pink","NA","NA","NA","bre"
"bre2101","2021-06-16",50.027263,-123.172601,"NA","bronze","NA","NA","NA","bre"
"hol2123","2021-06-05",49.380804,-123.187551,"NA","NA","NA","NA","NA","hol"
"hol2122","2021-06-05",49.38089,-123.187486,"NA","NA","NA","NA","NA","hol"
"hol21.21","2021-06-05",49.381749,-123.186523,"NA","NA","NA","NA","NA","hol"
"hol21.20","2021-06-05",49.381966,-123.185716,"NA","NA","NA","NA","NA","hol"
"hol2119","2021-06-05",49.383007,-123.181324,"NA","NA","NA","NA","NA","hol"
"hol2118","2021-06-05",49.385173,-123.181222,"NA","NA","NA","NA","NA","hol"
"hol2117","2021-06-05",49.384996,-123.181421,"NA","NA","NA","NA","NA","hol"
"hol2116","2021-06-05",49.38461,-123.182051,"NA","NA","NA","NA","NA","hol"
"hol2115","2021-06-05",49.383584,-123.184177,"NA","NA","NA","NA","NA","hol"
"hol2114","2021-06-05",49.383357,-123.184269,"NA","NA","NA","NA","NA","hol"
"hol2113","2021-06-05",49.381173,-123.18891,"NA","NA","NA","NA","NA","hol"
"hol21.12","2021-06-05",49.381014,-123.189141,"NA","NA","NA","NA","NA","hol"
"hol2112","2021-05-17",49.381148,-123.187858,"NA","NA","NA","NA","NA","hol"
"hol2111","2021-05-17",49.382805,-123.186572,"NA","NA","NA","NA","NA","hol"
"hol2110","2021-05-17",49.382468,-123.186718,"NA","NA","NA","NA","NA","hol"
"hol2109","2021-05-17",49.381521,-123.188242,"NA","NA","NA","NA","NA","hol"
"hol2108","2021-05-17",49.380819,-123.189397,"NA","NA","NA","NA","NA","hol"
"hol2107ab","2021-05-17",49.3803,-123.190348,"NA","NA","NA","NA","NA","hol"
"hol2106","2021-05-14",49.381065,-123.187829,"NA","pink","NA","NA","NA","hol"
"hol2105","2021-05-14",49.382813,-123.183748,"NA","pink","NA","NA","NA","hol"
"hol2104","2021-05-14",49.388656,-123.178448,"NA","pink","NA","NA","NA","hol"
"hol2103","2021-05-05",49.383019,-123.183258,"NA","purple","NA","NA","NA","hol"
"hol2102","2021-05-05",49.385334,-123.179188,"NA","green","NA","NA","NA","hol"
"hol2101","2021-05-05",49.383194,-123.181121,"NA","pink","NA","NA","NA","hol"
"asu2011","2020-08-26",51.201008,-117.467971,"NA","pink","alpine","NA","NA","asu"
"asu2010","2020-08-26",51.200685,-117.480215,"NA","pink","alpine","NA","NA","asu"
"asu2009","2020-08-26",51.205446,-117.490156,"NA","orange","alpine","NA","NA","asu"
"asu2008","2020-08-26",51.208912,-117.499011,"NA","pink","alpine","NA","NA","asu"
"asu2007","2020-08-26",51.209026,-117.499986,"NA","pink","alpine","NA","NA","asu"
"asu2006","2020-08-26",51.216627,-117.50532,"NA","pink","alpine","NA","NA","asu"
"asu2005","2020-08-26",51.219899,-117.507567,"NA","pink","alpine","NA","NA","asu"
"asu2004","2020-08-26",51.232881,-117.51521,"NA","pink","alpine","NA","NA","asu"
"asu2003","2020-08-26",51.234054,-117.514547,"NA","pink","alpine","NA","NA","asu"
"asu2002","2020-08-26",51.234433,-117.514458,"NA","pink","alpine","NA","NA","asu"
"asu2001","2020-08-26",51.251951,-117.51714,"NA","pink","alpine","NA","NA","asu"
"ice2002","2020-08-20",51.513653,-116.535558,"NA","pink","alpine","NA","NA","ice"
"ice2001","2020-08-20",51.513213,-116.534251,"NA","pink","alpine","NA","NA","ice"
"cat2001","2020-08-10",50.623862,-116.561663,"NA","other","alpine","NA","NA","cat"
"bdw201.9","2020-07-31",50.101264,-123.193132,"NA","NA","NA","NA","NA","bdw"
"bdw201.8","2020-07-31",50.10119,-123.193012,"NA","NA","NA","NA","NA","bdw"
"bdw201.5","2020-07-31",50.101173,-123.192972,"NA","NA","NA","NA","NA","bdw"
"bdw201.4","2020-07-31",50.101181,-123.193041,"NA","NA","NA","NA","NA","bdw"
"bdw201.3","2020-07-31",50.101193,-123.192981,"NA","NA","NA","NA","NA","bdw"
"bdw201.2","2020-07-31",50.101164,-123.193093,"NA","NA","NA","NA","NA","bdw"
"bdw201.1","2020-07-31",50.101124,-123.193157,"NA","NA","NA","NA","NA","bdw"
"per2021","2020-07-25",51.247305,-117.442275,"NA","other","NA","NA","NA","per"
"per2020","2020-07-18",51.243805,-117.439533,"NA","see_notes","NA","NA","NA","per"
"per2019","2020-07-08",51.244539,-117.440859,"NA","pink","NA","NA","NA","per"
"per2018","2020-07-08",51.24455,-117.440948,"NA","pink","NA","NA","NA","per"
"per2017","2020-07-08",51.244538,-117.440879,"NA","other","NA","NA","NA","per"
"per2016","2020-07-08",51.244643,-117.440728,"NA","pink","NA","NA","NA","per"
"tem2003","2020-07-06",50.797549,-116.580948,"NA","pink","NA","NA","NA","tem"
"tem2002","2020-07-06",50.797844,-116.581631,"NA","pink","NA","NA","NA","tem"
"tem2001","2020-07-06",50.798488,-116.58103,"NA","pink","NA","NA","NA","tem"
"per2015","2020-07-02",51.24772,-117.44266,"NA","orange","NA","NA","NA","per"
"per2014","2020-07-02",51.2448,-117.440702,"NA","orange","NA","NA","NA","per"
"per2013","2020-07-02",51.244309,-117.440985,"NA","orange","NA","NA","NA","per"
"per2012","2020-06-25",51.247503,-117.442493,"NA","pink","NA","NA","NA","per"
"bdw20.30","2020-06-22",50.09655,-123.190374,"NA","other","NA","NA","NA","bdw"
"bdw2029","2020-06-22",50.097323,-123.190973,"NA","other","NA","NA","NA","bdw"
"bdw2028","2020-06-22",50.097556,-123.191157,"NA","other","NA","NA","NA","bdw"
"bdw2027","2020-06-22",50.098062,-123.19151,"NA","other","NA","NA","NA","bdw"
"bdw2026","2020-06-22",50.099349,-123.193098,"NA","other","NA","NA","NA","bdw"
"bdw2025","2020-06-22",50.099867,-123.19361,"NA","other","NA","NA","NA","bdw"
"bdw2024","2020-06-22",50.099993,-123.19371,"NA","orange","NA","NA","NA","bdw"
"bdw2023","2020-06-22",50.10023,-123.193809,"NA","other","NA","NA","NA","bdw"
"bdw2022","2020-06-22",50.100434,-123.194119,"NA","orange","NA","NA","NA","bdw"
"bdw2021","2020-06-22",50.101176,-123.194615,"NA","other","NA","NA","NA","bdw"
"bdw2020","2020-06-22",50.101578,-123.194759,"NA","other","NA","NA","NA","bdw"
"bdw2019","2020-06-22",50.10208,-123.195628,"NA","other","NA","NA","NA","bdw"
"bdw2018","2020-06-22",50.102683,-123.195997,"NA","other","NA","NA","NA","bdw"
"bdw2017","2020-06-22",50.103016,-123.196042,"NA","other","NA","NA","NA","bdw"
"bdw2016","2020-06-22",50.103465,-123.196326,"NA","other","NA","NA","NA","bdw"
"bdw2015","2020-06-22",50.103763,-123.197032,"NA","NA","NA","NA","NA","bdw"
"bdw2014","2020-06-22",50.104134,-123.197944,"NA","other","NA","NA","NA","bdw"
"bdw2013","2020-06-22",50.104573,-123.199002,"NA","other","NA","NA","NA","bdw"
"bdw2012","2020-06-22",50.104643,-123.199165,"NA","NA","NA","NA","NA","bdw"
"bdw2011","2020-06-22",50.104995,-123.199563,"NA","NA","NA","NA","NA","bdw"
"bdw2010","2020-06-22",50.10542,-123.200389,"NA","NA","NA","NA","NA","bdw"
"bdw2009","2020-06-22",50.105787,-123.200822,"NA","NA","NA","NA","NA","bdw"
"bdw2008","2020-06-22",50.105798,-123.200967,"NA","NA","NA","NA","NA","bdw"
"bdw2007","2020-06-22",50.105947,-123.20121,"NA","NA","NA","NA","NA","bdw"
"bdw2006","2020-06-22",50.105863,-123.201994,"NA","NA","NA","NA","NA","bdw"
"bdw2005","2020-06-22",50.106022,-123.202483,"NA","NA","NA","NA","NA","bdw"
"bdw2004","2020-06-22",50.106035,-123.203303,"NA","NA","NA","NA","NA","bdw"
"bdw2003","2020-06-22",50.105995,-123.203316,"NA","NA","NA","NA","NA","bdw"
"bdw2002","2020-06-22",50.106118,-123.203339,"NA","other","NA","NA","NA","bdw"
"bdw2001","2020-06-22",50.106426,-123.203634,"NA","NA","NA","NA","NA","bdw"
"per2011","2020-06-18",51.24621,-117.439674,"NA","pink","NA","NA","NA","per"
"per2010","2020-06-18",51.247031,-117.441058,"NA","other","NA","NA","NA","per"
"per2009","2020-06-18",51.247209,-117.441493,"NA","pink","NA","NA","NA","per"
"per2008","2020-06-11",51.251825,-117.451529,"NA","pink","NA","NA","NA","per"
"per2006","2020-06-02",51.254944,-117.4729,"NA","pink","NA","NA","NA","per"
"per2005","2020-06-02",51.255045,-117.465999,"NA","pink","NA","NA","NA","per"
"per2004","2020-06-02",51.253566,-117.457153,"NA","pink","NA","NA","NA","per"
"per2003","2020-06-02",51.251841,-117.451451,"NA","pink","NA","NA","NA","per"
"per2002","2020-06-02",51.251576,-117.44995,"NA","pink","NA","NA","NA","per"
"don1903","2019-09-04",51.254393,-117.449518,"NA","pink","NA","NA","NA","don"
"don1902","2019-09-04",51.264295,-117.44681,"NA","pink","NA","NA","NA","don"
"don1901","2019-09-03",51.263196,-117.441067,"NA","pink","NA","NA","NA","don"
"bug1903","2019-08-30",50.733371,-116.776486,"NA","NA","NA","NA","NA","bug"
"bug1902","2019-08-30",50.732939,-116.78054,"NA","pink","NA","NA","NA","bug"
"bug1901","2019-08-30",50.733159,-116.780712,"NA","pink","NA","NA","NA","bug"
"nil1905","2019-08-05",51.496354,-116.413693,"NA","pink","NA","NA","NA","nil"
"nil1904b","2019-08-05",51.496376,-116.41364,"NA","pink","NA","NA","NA","nil"
"nil1904","2019-08-05",51.496403,-116.413604,"NA","pink","NA","NA","NA","nil"
"nil1903","2019-08-05",51.496446,-116.411872,"NA","pink","NA","NA","NA","nil"
"nil1902","2019-08-05",51.501637,-116.414054,"NA","pink","NA","NA","NA","nil"
"nil1901","2019-08-05",51.500887,-116.415893,"NA","pink","NA","NA","NA","nil"
"lou1903","2019-08-02",51.484186,-116.06728,"NA","other","NA","NA","NA","lou"
"lou1902","2019-08-02",51.48422,-116.066984,"NA","pink","NA","NA","NA","lou"
"lou1901","2019-08-02",51.48396,-116.066833,"NA","pink","NA","NA","NA","lou"
"bre1950","2019-08-01",50.038713,-123.189723,"NA","pink","NA","NA","NA","bre"
"bdw1933","2019-08-01",50.106267,-123.203004,"NA","pink","NA","NA","NA","bdw"
"bre1949","2019-07-31",50.038007,-123.195108,"NA","other","NA","NA","NA","bre"
"bre1948","2019-07-31",50.039996,-123.193326,"NA","other","NA","NA","NA","bre"
"bre1947","2019-07-31",50.039943,-123.1932,"NA","other","NA","NA","NA","bre"
"bre1946","2019-07-31",50.039924,-123.192034,"NA","other","NA","NA","NA","bre"
"bre1945","2019-07-31",50.040517,-123.189997,"NA","see_notes","NA","NA","NA","bre"
"bre1944","2019-07-31",50.040275,-123.189774,"NA","other","NA","NA","NA","bre"
"bre1943","2019-07-31",50.040146,-123.189971,"NA","other","NA","NA","NA","bre"
"bre1942","2019-07-31",50.038713,-123.189723,"NA","other","NA","NA","NA","bre"
"bre1941","2019-07-31",50.039077,-123.190513,"NA","other","NA","NA","NA","bre"
"bre1940","2019-07-31",50.039116,-123.190562,"NA","other","NA","NA","NA","bre"
"bre1939","2019-07-31",50.03958,-123.190994,"NA","other","NA","NA","NA","bre"
"dog1915","2019-07-29",51.411477,-117.265844,"NA","pink","NA","NA","NA","dog"
"dog1914","2019-07-28",51.386048,-117.242828,"NA","pink","NA","NA","NA","dog"
"dog1913","2019-07-28",51.374998,-117.241743,"NA","pink","NA","NA","NA","dog"
"dog1912","2019-07-28",51.351545,-117.215501,"NA","pink","NA","NA","NA","dog"
"dog1911","2019-07-28",51.35035,-117.213498,"NA","pink","NA","NA","NA","dog"
"dog1910","2019-07-28",51.347915,-117.211338,"NA","pink","NA","NA","NA","dog"
"dog1909","2019-07-28",51.340323,-117.20406,"NA","pink","NA","NA","NA","dog"
"dog1908","2019-07-28",51.336371,-117.199871,"NA","pink","NA","NA","NA","dog"
"dog1907","2019-07-28",51.333379,-117.197476,"NA","pink","NA","NA","NA","dog"
"dog1906","2019-07-28",51.327677,-117.19374,"NA","pink","NA","NA","NA","dog"
"dog1905","2019-07-28",51.3278,-117.193791,"NA","pink","NA","NA","NA","dog"
"dog1904","2019-07-28",51.327722,-117.193369,"NA","pink","NA","NA","NA","dog"
"dog1903","2019-07-28",51.321566,-117.187557,"NA","pink","NA","NA","NA","dog"
"dog1902","2019-07-28",51.314334,-117.174731,"NA","pink","NA","NA","NA","dog"
"dog1901","2019-07-28",51.314212,-117.174989,"NA","pink","NA","NA","NA","dog"
"bdw1931b","2019-07-24",50.106028,-123.199107,"NA","other","NA","NA","NA","bdw"
"bdw1931","2019-07-24",50.10606,-123.199257,"NA","other","NA","NA","NA","bdw"
"bdw1930","2019-07-24",50.106486,-123.204491,"NA","other","NA","NA","NA","bdw"
"bdw1929","2019-07-24",50.106471,-123.204574,"NA","other","NA","NA","NA","bdw"
"bdw1928","2019-07-24",50.10632,-123.204373,"NA","other","NA","NA","NA","bdw"
"bdw1927","2019-07-24",50.106303,-123.203791,"NA","other","NA","NA","NA","bdw"
"bdw1926","2019-07-24",50.106265,-123.203362,"NA","other","NA","NA","NA","bdw"
"bdw1925","2019-07-24",50.106285,-123.203154,"NA","NA","NA","NA","NA","bdw"
"bdw1924","2019-07-24",50.106267,-123.203004,"NA","other","NA","NA","NA","bdw"
"bdw1923","2019-07-24",50.106313,-123.20312,"NA","other","NA","NA","NA","bdw"
"bak1912","2019-07-23",48.734254,-121.841652,"NA","orange","alpine, forest","NA","NA","bak"
"bak1911","2019-07-23",48.734261,-121.84173,"NA","orange","alpine, forest","NA","NA","bak"
"bak1910","2019-07-23",48.73613,-121.842029,"NA","pink","alpine, forest","NA","NA","bak"
"bak1909","2019-07-23",48.738849,-121.841987,"NA","pink","alpine, forest","NA","NA","bak"
"bak1908","2019-07-23",48.739752,-121.841361,"NA","yellow","alpine, forest","NA","NA","bak"
"bak1907","2019-07-23",48.739741,-121.841695,"NA","pink","alpine, forest","NA","NA","bak"
"bak1906","2019-07-23",48.740067,-121.840062,"NA","pink","alpine, forest","NA","NA","bak"
"bak1905b","2019-07-23",48.740035,-121.839986,"NA","green","alpine, forest","NA","NA","bak"
"bak1905","2019-07-23",48.740046,-121.84006,"NA","orange","alpine, forest","NA","NA","bak"
"bak1904","2019-07-23",48.740118,-121.839666,"NA","pink","alpine, forest","NA","NA","bak"
"bak1903b","2019-07-23",48.74029,-121.839392,"NA","orange","alpine, forest","NA","NA","bak"
"bak1903","2019-07-23",48.740309,-121.839387,"NA","orange","alpine, forest","NA","NA","bak"
"bak1902","2019-07-23",48.740454,-121.839522,"NA","orange","alpine, forest","NA","NA","bak"
"bak1901b","2019-07-23",48.740996,-121.839182,"NA","orange","alpine, forest","NA","NA","bak"
"bak1901","2019-07-23",48.741029,-121.839188,"NA","orange","alpine, forest","NA","NA","bak"
"sil1906","2019-07-23",48.553886,-120.586862,"NA","pink","alpine","NA","NA","sil"
"sil1905","2019-07-23",48.55423,-120.585809,"NA","pink","alpine","NA","NA","sil"
"sil1904","2019-07-23",48.554102,-120.58601,"NA","orange","alpine","NA","NA","sil"
"sil1903","2019-07-23",48.553602,-120.58646,"NA","pink","alpine","NA","NA","sil"
"sil1902","2019-07-23",48.553355,-120.587095,"NA","pink","alpine","NA","NA","sil"
"sil1901","2019-07-23",48.553438,-120.58841,"NA","pink","alpine","NA","NA","sil"
"blu1903","2019-07-20",48.505077,-120.671915,"NA","purple","alpine","NA","NA","blu"
"blu1902","2019-07-20",48.503884,-120.671484,"NA","pink","alpine","NA","NA","blu"
"blu1901","2019-07-20",48.503903,-120.670713,"NA","pink","alpine","NA","NA","blu"
"sla1901","2019-07-09",50.336278,-122.48746,"NA","pink","alpine","NA","NA","sla"
"bdw1922x","2019-07-03",50.09929,-123.19309,"NA","yellow","alpine","NA","NA","bdw"
"bdw1922","2019-07-03",50.099221,-123.193251,"NA","pink","alpine","NA","NA","bdw"
"bdw1921","2019-07-03",50.104035,-123.205278,"NA","pink","alpine","NA","NA","bdw"
"bdw1920","2019-07-03",50.102973,-123.206712,"NA","pink","alpine","NA","NA","bdw"
"bdw1919","2019-07-03",50.102604,-123.207262,"NA","pink","alpine","NA","NA","bdw"
"bdw1918","2019-07-03",50.102673,-123.207576,"NA","purple","alpine","NA","NA","bdw"
"bdw1917","2019-07-03",50.102617,-123.207569,"NA","pink","alpine","NA","NA","bdw"
"bdw1916","2019-07-03",50.10345,-123.208704,"NA","pink","alpine","NA","NA","bdw"
"bdw1915","2019-07-03",50.104413,-123.20921,"NA","pink","alpine","NA","NA","bdw"
"bdw1914","2019-07-03",50.104949,-123.209879,"NA","pink","alpine","NA","NA","bdw"
"bdw1913","2019-07-03",50.104792,-123.210574,"NA","pink","alpine","NA","NA","bdw"
"bdw1912","2019-07-03",50.105844,-123.211405,"NA","pink","alpine","NA","NA","bdw"
"bdw1911","2019-07-03",50.107281,-123.212497,"NA","pink","alpine","NA","NA","bdw"
"bdw1910","2019-07-03",50.107679,-123.212483,"NA","pink","alpine","NA","NA","bdw"
"bdw1909","2019-07-03",50.107966,-123.215255,"NA","pink","alpine","NA","NA","bdw"
"bdw1908","2019-07-03",50.107924,-123.21538,"NA","orange","alpine","NA","NA","bdw"
"bdw1907b","2019-07-03",50.10799,-123.215548,"NA","pink","alpine","NA","NA","bdw"
"bdw1907","2019-07-03",50.107962,-123.215352,"NA","pink","alpine","NA","NA","bdw"
"bdw1906c","2019-07-03",50.108695,-123.216755,"NA","NA","alpine","NA","NA","bdw"
"bdw1906b","2019-07-03",50.108684,-123.216709,"NA","orange","alpine","NA","NA","bdw"
"bdw1906","2019-07-03",50.10868,-123.216738,"NA","pink","alpine","NA","NA","bdw"
"bdw1905","2019-07-03",50.113408,-123.222871,"NA","pink","alpine","NA","NA","bdw"
"bdw1904b","2019-07-03",50.113704,-123.223371,"NA","pink","alpine","NA","NA","bdw"
"bdw1904","2019-07-03",50.11368,-123.223478,"NA","pink","alpine","NA","NA","bdw"
"bdw1903","2019-07-03",50.113669,-123.223131,"NA","pink","alpine","NA","NA","bdw"
"bdw1902","2019-07-03",50.114026,-123.220948,"NA","pink","alpine","NA","NA","bdw"
"bdw1901","2019-07-03",50.114024,-123.220955,"NA","pink","alpine","NA","NA","bdw"
"bre1938","2019-06-26",50.028011,-123.182782,"NA","other","alpine, forest","NA","NA","bre"
"bre1937","2019-06-26",50.029257,-123.184257,"NA","pink","alpine, forest","NA","NA","bre"
"bre1936","2019-06-26",50.032725,-123.191406,"NA","orange-green","alpine, forest","NA","NA","bre"
"bre1935","2019-06-26",50.033071,-123.192243,"NA","pink","alpine, forest","NA","NA","bre"
"bre1934","2019-06-26",50.033608,-123.192765,"NA","pink","alpine, forest","NA","NA","bre"
"bre1933","2019-06-26",50.034908,-123.192841,"NA","pink","alpine, forest","NA","NA","bre"
"bre1932","2019-06-26",50.036507,-123.193781,"NA","pink","alpine, forest","NA","NA","bre"
"bre1931","2019-06-26",50.037135,-123.194045,"NA","pink","alpine, forest","NA","NA","bre"
"bre1930","2019-06-26",50.037532,-123.193984,"NA","pink","alpine, forest","NA","NA","bre"
"bre1929","2019-06-26",50.038067,-123.19363,"NA","pink","alpine, forest","NA","NA","bre"
"bre1928","2019-06-26",50.039432,-123.192505,"NA","pink","alpine, forest","NA","NA","bre"
"bre1927","2019-06-26",50.039611,-123.192495,"NA","pink","alpine, forest","NA","NA","bre"
"bre1926","2019-06-26",50.039796,-123.192264,"NA","pink","alpine, forest","NA","NA","bre"
"bre1925","2019-06-26",50.03969,-123.190651,"NA","pink","alpine, forest","NA","NA","bre"
"bre1924","2019-06-26",50.039677,-123.190433,"NA","pink","alpine, forest","NA","NA","bre"
"bre1923","2019-06-26",50.039422,-123.18998,"NA","see_notes","alpine, forest","NA","NA","bre"
"bre1922","2019-06-26",50.039419,-123.18978,"NA","pink","alpine, forest","NA","NA","bre"
"bre1921","2019-06-26",50.039366,-123.189824,"NA","pink","alpine, forest","NA","NA","bre"
"bre1920b","2019-06-26",50.039171,-123.189841,"NA","green","alpine, forest","NA","NA","bre"
"bre1920","2019-06-26",50.039159,-123.189837,"NA","orange","alpine, forest","NA","NA","bre"
"bre1919","2019-06-26",50.039207,-123.189937,"NA","pink","alpine, forest","NA","NA","bre"
"bre1918x","2019-06-26",50.039264,-123.190131,"NA","pink","alpine, forest","NA","NA","bre"
"bre1918b","2019-06-26",50.03924,-123.190162,"NA","pink","alpine, forest","NA","NA","bre"
"bre1918","2019-06-26",50.039251,-123.190143,"NA","pink","alpine, forest","NA","NA","bre"
"gar1935","2019-06-22",49.784189,-122.990595,"NA","pink","alpine, forest","NA","NA","gar"
"gar1934","2019-06-22",49.785392,-122.989495,"NA","pink","alpine, forest","NA","NA","gar"
"gar1933","2019-06-22",49.786261,-122.989209,"NA","pink","alpine, forest","NA","NA","gar"
"gar1932","2019-06-21",49.819798,-122.965748,"NA","pink","alpine, forest","NA","NA","gar"
"gar1931","2019-06-21",49.820005,-122.964076,"NA","pink","alpine, forest","NA","NA","gar"
"gar1930","2019-06-21",49.820854,-122.963054,"NA","pink","alpine, forest","NA","NA","gar"
"gar1929","2019-06-21",49.82132,-122.962272,"NA","pink","alpine, forest","NA","NA","gar"
"gar1928","2019-06-21",49.821823,-122.961632,"NA","pink","alpine, forest","NA","NA","gar"
"gar1927","2019-06-21",49.822299,-122.962036,"NA","pink","alpine, forest","NA","NA","gar"
"gar1926x","2019-06-21",49.826081,-122.963697,"NA","orange","alpine, forest","NA","NA","gar"
"gar1926","2019-06-21",49.826022,-122.963716,"NA","pink","alpine, forest","NA","NA","gar"
"gar1925","2019-06-21",49.827236,-122.966307,"NA","pink","alpine, forest","NA","NA","gar"
"gar1924x","2019-06-21",49.827714,-122.96714,"NA","pink","alpine, forest","NA","NA","gar"
"gar1924","2019-06-21",49.827781,-122.967067,"NA","green","alpine, forest","NA","NA","gar"
"gar1923","2019-06-21",49.828029,-122.967914,"NA","pink","alpine, forest","NA","NA","gar"
"gar1922","2019-06-21",49.830275,-122.97237,"NA","pink","alpine, forest","NA","NA","gar"
"gar1921","2019-06-21",49.828327,-122.972654,"NA","pink","alpine, forest","NA","NA","gar"
"gar1920","2019-06-21",49.827916,-122.974454,"NA","pink","alpine, forest","NA","NA","gar"
"gar1919x","2019-06-21",49.82694,-122.977493,"NA","pink","alpine, forest","NA","NA","gar"
"gar1919","2019-06-21",49.827033,-122.977535,"NA","orange","alpine, forest","NA","NA","gar"
"gar1918x","2019-06-21",49.826281,-122.978504,"NA","orange","alpine, forest","NA","NA","gar"
"gar1918","2019-06-21",49.826385,-122.978582,"NA","pink","alpine, forest","NA","NA","gar"
"gar1917y","2019-06-21",49.826323,-122.978857,"NA","orange","alpine, forest","NA","NA","gar"
"gar1917x","2019-06-21",49.826291,-122.978725,"NA","orange","alpine, forest","NA","NA","gar"
"gar1917","2019-06-21",49.826411,-122.97881,"NA","pink","alpine, forest","NA","NA","gar"
"bro1920","2019-06-19",49.848372,-123.074899,"NA","pink","alpine, forest","NA","NA","bro"
"bro1919","2019-06-19",49.850945,-123.073633,"NA","pink","alpine, forest","NA","NA","bro"
"bro1918","2019-06-19",49.852291,-123.071276,"NA","pink","alpine, forest","NA","NA","bro"
"bro1917","2019-06-19",49.854232,-123.065239,"NA","pink","alpine, forest","NA","NA","bro"
"bro1916","2019-06-19",49.853719,-123.060192,"NA","pink","alpine, forest","NA","NA","bro"
"bro1915","2019-06-19",49.854488,-123.052062,"NA","pink","alpine, forest","NA","NA","bro"
"bro1914","2019-06-19",49.854762,-123.051442,"NA","pink","alpine, forest","NA","NA","bro"
"bro1913","2019-06-19",49.855128,-123.045873,"NA","pink","alpine, forest","NA","NA","bro"
"bro1912b","2019-06-19",49.854911,-123.045159,"NA","pink","alpine, forest","NA","NA","bro"
"bro1912","2019-06-19",49.854961,-123.045322,"NA","pink","alpine, forest","NA","NA","bro"
"bro1911","2019-06-19",49.855174,-123.043424,"NA","purple","alpine, forest","NA","NA","bro"
"bro1910","2019-06-19",49.855227,-123.043171,"NA","pink","alpine, forest","NA","NA","bro"
"bro1909","2019-06-19",49.855361,-123.042561,"NA","pink","alpine, forest","NA","NA","bro"
"bro1908","2019-06-19",49.855699,-123.040367,"NA","pink","alpine, forest","NA","NA","bro"
"bro1907","2019-06-19",49.856384,-123.038776,"NA","pink","alpine, forest","NA","NA","bro"
"bro1906","2019-06-19",49.856334,-123.038691,"NA","pink","alpine, forest","NA","NA","bro"
"bro1905","2019-06-19",49.856343,-123.037792,"NA","pink","alpine, forest","NA","NA","bro"
"bro1904","2019-06-19",49.857139,-123.036459,"NA","pink","alpine, forest","NA","NA","bro"
"bro1903","2019-06-19",49.857237,-123.036385,"NA","pink","alpine, forest","NA","NA","bro"
"bro1902","2019-06-19",49.857582,-123.035906,"NA","pink","alpine, forest","NA","NA","bro"
"bro1901","2019-06-19",49.857542,-123.032167,"NA","pink","alpine, forest","NA","NA","bro"
"pan1931","2019-06-14",49.953255,-123.065185,"NA","NA","alpine, forest","NA","NA","pan"
"pan1930","2019-06-14",49.955043,-123.060688,"NA","pink","alpine, forest","NA","NA","pan"
"pan1929","2019-06-14",49.956288,-123.046305,"NA","pink","alpine, forest","NA","NA","pan"
"pan1928","2019-06-14",49.956474,-123.043721,"NA","pink","alpine, forest","NA","NA","pan"
"pan1927","2019-06-14",49.957336,-123.043292,"NA","pink","alpine, forest","NA","NA","pan"
"pan1926","2019-06-14",49.958017,-123.042461,"NA","pink","alpine, forest","NA","NA","pan"
"pan1925","2019-06-14",49.957847,-123.042046,"NA","pink","alpine, forest","NA","NA","pan"
"pan1924","2019-06-14",49.958074,-123.041343,"NA","pink","alpine, forest","NA","NA","pan"
"pan1923","2019-06-14",49.958451,-123.04108,"NA","pink","alpine, forest","NA","NA","pan"
"pan1922","2019-06-14",49.958654,-123.040587,"NA","pink","alpine, forest","NA","NA","pan"
"pan1921","2019-06-14",49.959174,-123.040057,"NA","orange","alpine, forest","NA","NA","pan"
"pan1920","2019-06-14",49.959231,-123.039608,"NA","pink","alpine, forest","NA","NA","pan"
"pan1919x","2019-06-14",49.959832,-123.038915,"NA","orange","alpine, forest","NA","NA","pan"
"pan1919","2019-06-14",49.959905,-123.038958,"NA","pink","alpine, forest","NA","NA","pan"
"pan1918","2019-06-14",49.95998,-123.038506,"NA","pink","alpine, forest","NA","NA","pan"
"pan1917","2019-06-14",49.960133,-123.038429,"NA","orange","alpine, forest","NA","NA","pan"
"pan1916b","2019-06-14",49.96048,-123.037443,"NA","yellow","alpine, forest","NA","NA","pan"
"pan1916","2019-06-14",49.960555,-123.037337,"NA","orange","alpine, forest","NA","NA","pan"
"pan1915","2019-06-14",49.960914,-123.036021,"NA","pink","alpine, forest","NA","NA","pan"
"pan1914","2019-06-14",49.960987,-123.034326,"NA","pink","alpine, forest","NA","NA","pan"
"pan1913","2019-06-14",49.960761,-123.0332,"NA","pink","alpine, forest","NA","NA","pan"
"pan1912","2019-06-14",49.961229,-123.032473,"NA","pink","alpine, forest","NA","NA","pan"
"pan1911","2019-06-14",49.96157,-123.031962,"NA","pink","alpine, forest","NA","NA","pan"
"pan1910","2019-06-14",49.961654,-123.029536,"NA","pink","alpine, forest","NA","NA","pan"
"pan1909","2019-06-14",49.961712,-123.029037,"NA","pink","alpine, forest","NA","NA","pan"
"pan1908","2019-06-14",49.961408,-123.027322,"NA","pink","alpine, forest","NA","NA","pan"
"pan1907","2019-06-14",49.961357,-123.026828,"NA","pink","alpine, forest","NA","NA","pan"
"pan1906","2019-06-14",49.962489,-123.025989,"NA","pink","alpine, forest","NA","NA","pan"
"pan1905","2019-06-14",49.962923,-123.025956,"NA","pink","alpine, forest","NA","NA","pan"
"pan1904","2019-06-14",49.963176,-123.026188,"NA","pink","alpine, forest","NA","NA","pan"
"pan1903","2019-06-14",49.963987,-123.0267,"NA","pink","alpine, forest","NA","NA","pan"
"pan1902","2019-06-14",49.964114,-123.026771,"NA","pink","alpine, forest","NA","NA","pan"
"pan1901","2019-06-14",49.964547,-123.02698,"NA","pink","alpine, forest","NA","NA","pan"
"bre1917","2019-06-11",50.019265,-123.180543,"NA","pink","alpine, forest","NA","NA","bre"
"bre1916","2019-06-11",50.019911,-123.181598,"NA","see_notes","alpine, forest","NA","NA","bre"
"bre1915","2019-06-11",50.023919,-123.182713,"NA","green","alpine, forest","NA","NA","bre"
"bre1914x","2019-06-11",50.024993,-123.182608,"NA","pink","alpine, forest","NA","NA","bre"
"bre1914","2019-06-11",50.024976,-123.18271,"NA","pink","alpine, forest","NA","NA","bre"
"bre1913b","2019-06-11",50.026084,-123.182861,"NA","green","alpine, forest","NA","NA","bre"
"bre1913","2019-06-11",50.026067,-123.182886,"NA","green","alpine, forest","NA","NA","bre"
"bre1912","2019-06-11",50.026408,-123.183473,"NA","pink","alpine, forest","NA","NA","bre"
"bre1911","2019-06-11",50.028549,-123.185463,"NA","pink","alpine, forest","NA","NA","bre"
"bre1910","2019-06-11",50.029343,-123.187332,"NA","pink","alpine, forest","NA","NA","bre"
"bre1909","2019-06-11",50.035415,-123.191985,"NA","pink","alpine, forest","NA","NA","bre"
"bre1908","2019-06-11",50.039555,-123.192601,"NA","orange","alpine, forest","NA","NA","bre"
"bre1907","2019-06-11",50.039498,-123.190318,"NA","pink","alpine, forest","NA","NA","bre"
"bre1906","2019-06-11",50.039293,-123.189726,"NA","see_notes","alpine, forest","NA","NA","bre"
"bre1905","2019-06-11",50.039335,-123.189757,"NA","see_notes","alpine, forest","NA","NA","bre"
"bre1904","2019-06-11",50.039314,-123.189779,"NA","see_notes","alpine, forest","NA","NA","bre"
"bre1902b","2019-06-11",50.039299,-123.189738,"NA","see_notes","alpine, forest","NA","NA","bre"
"bre1903","2019-06-11",50.039333,-123.18981,"NA","pink","alpine, forest","NA","NA","bre"
"bre1902","2019-06-11",50.039377,-123.189741,"NA","other","alpine, forest","NA","NA","bre"
"bre1901","2019-06-11",50.039314,-123.189778,"NA","pink","alpine, forest","NA","NA","bre"
"gar1916","2019-06-07",49.761875,-123.039555,"NA","orange","alpine, forest","NA","NA","gar"
"gar1915","2019-06-07",49.761533,-123.039679,"NA","pink","alpine, forest","NA","NA","gar"
"gar1914c","2019-06-07",49.761944,-123.038378,"NA","see_notes","alpine, forest","NA","NA","gar"
"gar1914b","2019-06-07",49.761796,-123.038397,"NA","green","alpine, forest","NA","NA","gar"
"gar1914","2019-06-07",49.761807,-123.038346,"NA","orange","alpine, forest","NA","NA","gar"
"gar1913","2019-06-07",49.762469,-123.037938,"NA","yellow","alpine, forest","NA","NA","gar"
"gar1912","2019-06-07",49.762907,-123.035734,"NA","orange-green","alpine, forest","NA","NA","gar"
"gar1911b","2019-06-07",49.761973,-123.031255,"NA","green","alpine, forest","NA","NA","gar"
"gar1911","2019-06-07",49.761958,-123.031237,"NA","orange","alpine, forest","NA","NA","gar"
"gar1910","2019-06-07",49.762354,-123.030945,"NA","pink","alpine, forest","NA","NA","gar"
"gar1909","2019-06-07",49.763714,-123.030806,"NA","pink","alpine, forest","NA","NA","gar"
"gar1908","2019-06-07",49.765894,-123.028349,"NA","pink","alpine, forest","NA","NA","gar"
"gar1907","2019-06-07",49.766914,-123.025929,"NA","see_notes","alpine, forest","NA","NA","gar"
"gar1906","2019-06-07",49.766941,-123.02598,"NA","pink","alpine, forest","NA","NA","gar"
"gar1905","2019-06-07",49.767052,-123.025753,"NA","see_notes","alpine, forest","NA","NA","gar"
"gar1904","2019-06-07",49.768067,-123.024818,"NA","pink","alpine, forest","NA","NA","gar"
"gar1903","2019-06-07",49.767368,-123.023875,"NA","pink","alpine, forest","NA","NA","gar"
"gar1902","2019-06-07",49.767491,-123.023623,"NA","see_notes","alpine, forest","NA","NA","gar"
"gar1901","2019-06-06",49.767577,-123.023689,"NA","pink","alpine, forest","NA","NA","gar"
"sey1907","2019-06-03",49.387701,-122.942193,"NA","pink","alpine, forest","NA","NA","sey"
"sey1906","2019-06-03",49.38369,-122.941138,"NA","pink","alpine, forest","NA","NA","sey"
"sey1905","2019-06-03",49.383005,-122.941249,"NA","pink","alpine, forest","NA","NA","sey"
"sey1904","2019-06-03",49.380072,-122.942094,"NA","bronze","alpine, forest","NA","NA","sey"
"sey1903","2019-05-16",49.37628,-122.946683,"NA","pink","alpine, forest","NA","NA","sey"
"sey1902","2019-05-16",49.377057,-122.945671,"NA","see_notes","alpine, forest","NA","NA","sey"
"sey1901","2019-05-16",49.37831,-122.943089,"NA","see_notes","alpine, forest","NA","NA","sey"
"p10618","2020-06-18",51.256703,-117.480575,2095,"NA","NA","NA","NA","per"
"p3618","2020-06-18",51.251241,-117.450273,2100,"NA","NA","NA","NA","per"
"p15725","2020-07-25",51.248208,-117.446573,2203,"NA","NA","NA","NA","per"
"p15718","2020-07-18",51.248208,-117.446573,2203,"NA","NA","NA","NA","per"
"p15708","2020-07-08",51.248208,-117.446573,2203,"NA","NA","NA","NA","per"
"p15625","2020-06-25",51.248208,-117.446573,2203,"NA","NA","NA","NA","per"
"p15618","2020-06-18",51.248208,-117.446573,2203,"NA","NA","NA","NA","per"
"p19718","2020-07-18",51.245464,-117.441245,2380,"NA","NA","NA","NA","per"
"p19708","2020-07-08",51.245464,-117.441245,2380,"NA","NA","NA","NA","per"
"p19625","2020-06-25",51.245464,-117.441245,2380,"NA","NA","NA","NA","per"
"p18802","2020-08-02",51.24459,-117.44064,2358,"NA","NA","NA","NA","per"
"p18725","2020-07-25",51.24459,-117.44064,2358,"NA","NA","NA","NA","per"
"p18718","2020-07-18",51.24459,-117.44064,2358,"NA","NA","NA","NA","per"
"p18708","2020-07-08",51.24459,-117.44064,2358,"NA","NA","NA","NA","per"
"p18625","2020-06-25",51.24459,-117.44064,2358,"NA","NA","NA","NA","per"
"p20725","2020-07-25",51.245468,-117.441303,2379,"NA","NA","NA","NA","per"
"p20718","2020-07-18",51.245468,-117.441303,2379,"NA","NA","NA","NA","per"
"p20708","2020-07-08",51.245468,-117.441303,2379,"NA","NA","NA","NA","per"
"p20702","2020-07-02",51.245468,-117.441303,2379,"NA","NA","NA","NA","per"
"p20625","2020-06-25",51.245468,-117.441303,2379,"NA","NA","NA","NA","per"
"p9625","2020-06-25",51.256363,-117.47911,2095,"NA","NA","NA","NA","per"
"p9618","2020-06-18",51.256363,-117.47911,2095,"NA","NA","NA","NA","per"
"p17802","2020-08-02",51.24426,-117.440971,2376,"NA","NA","NA","NA","per"
"p17725","2020-07-25",51.24426,-117.440971,2376,"NA","NA","NA","NA","per"
"p17718","2020-07-18",51.24426,-117.440971,2376,"NA","NA","NA","NA","per"
"p17708","2020-07-08",51.24426,-117.440971,2376,"NA","NA","NA","NA","per"
"p17702","2020-07-02",51.24426,-117.440971,2376,"NA","NA","NA","NA","per"
"p17625","2020-06-25",51.24426,-117.440971,2376,"NA","NA","NA","NA","per"
"p14718","2020-07-18",51.248104,-117.444246,2290,"NA","NA","NA","NA","per"
"p14708","2020-07-08",51.248104,-117.444246,2290,"NA","NA","NA","NA","per"
"p14625","2020-06-25",51.248104,-117.444246,2290,"NA","NA","NA","NA","per"
"p14618","2020-06-18",51.248104,-117.444246,2290,"NA","NA","NA","NA","per"
"p16718","2020-07-18",51.248386,-117.44736,2191,"NA","NA","NA","NA","per"
"p16708","2020-07-08",51.248386,-117.44736,2191,"NA","NA","NA","NA","per"
"p16702","2020-07-02",51.248386,-117.44736,2191,"NA","NA","NA","NA","per"
"p16625","2020-06-25",51.248386,-117.44736,2191,"NA","NA","NA","NA","per"
"p16618","2020-06-18",51.248386,-117.44736,2191,"NA","NA","NA","NA","per"
"p13802","2020-08-02",51.245353,-117.438412,0,"NA","NA","NA","NA","per"
"p13725","2020-07-25",51.245353,-117.438412,0,"NA","NA","NA","NA","per"
"p13718","2020-07-18",51.245353,-117.438412,0,"NA","NA","NA","NA","per"
"p13708","2020-07-08",51.245353,-117.438412,0,"NA","NA","NA","NA","per"
"p13625","2020-06-25",51.245353,-117.438412,0,"NA","NA","NA","NA","per"
"p13618","2020-06-18",51.245353,-117.438412,0,"NA","NA","NA","NA","per"
"p2708","2020-07-08",51.250666,-117.440472,2422,"NA","NA","NA","NA","per"
"p2702","2020-07-02",51.250666,-117.440472,2422,"NA","NA","NA","NA","per"
"p2625","2020-06-25",51.250666,-117.440472,2422,"NA","NA","NA","NA","per"
"p2618","2020-06-18",51.250666,-117.440472,2422,"NA","NA","NA","NA","per"
"p11802","2020-08-02",51.245435,-117.438535,2364,"NA","NA","NA","NA","per"
"p11725","2020-07-25",51.245435,-117.438535,2364,"NA","NA","NA","NA","per"
"p11718","2020-07-18",51.245435,-117.438535,2364,"NA","NA","NA","NA","per"
"p11708","2020-07-08",51.245435,-117.438535,2364,"NA","NA","NA","NA","per"
"p11625","2020-06-25",51.245435,-117.438535,2364,"NA","NA","NA","NA","per"
"p11618","2020-06-18",51.245435,-117.438535,2364,"NA","NA","NA","NA","per"
"p6618","2020-06-18",51.253375,-117.457865,2095,"NA","NA","NA","NA","per"
"p4618","2020-06-18",51.251601,-117.45055,2095,"NA","NA","NA","NA","per"
"p1625","2020-06-25",51.25118,-117.441106,2439,"NA","NA","NA","NA","per"
"p1618","2020-06-18",51.25118,-117.441106,2439,"NA","NA","NA","NA","per"
"p12802","2020-08-02",51.2462,-117.439673,2388,"NA","NA","NA","NA","per"
"p12725","2020-07-25",51.2462,-117.439673,2388,"NA","NA","NA","NA","per"
"p12718","2020-07-18",51.2462,-117.439673,2388,"NA","NA","NA","NA","per"
"p12708","2020-07-08",51.2462,-117.439673,2388,"NA","NA","NA","NA","per"
"p12618","2020-06-18",51.2462,-117.439673,2388,"NA","NA","NA","NA","per"
"p5625","2020-06-25",51.252231,-117.455131,2095,"NA","NA","NA","NA","per"
"p5618","2020-06-18",51.252231,-117.455131,2095,"NA","NA","NA","NA","per"
